{
    "SHOOTER_TYPE": "FixedPitch_VarSpeed",
    "X_mean": [
        4.246349395555182,
        0.10928106080698491,
        -0.2491670345785452,
        -0.00023053962435821184
    ],
    "X_stdv": [
        0.7675933667331077,
        0.7338224611162049,
        1.4992738256600846,
        1.6648476445076201
    ],
    "y_mean": [
        0.5080100297927856,
        -0.00032424001256003976,
        9.106599807739258
    ],
    "y_stdv": [
        0.5267000198364258,
        0.6815000176429749,
        1.340999960899353
    ],
    "EXIT_HEIGHT": 0.5842000246047974,
    "FIXED_HOOD_ANGLE": 0.8203047513961792,
    "MIN_SHOOT_DISTANCE": 2.821216583251953
}