{
    "SHOOTER_TYPE": "FixedPitch_VarSpeed",
    "X_mean": [
        3.641036211684093,
        0.07591104725654471,
        -0.06845142480353014,
        0.0003795649896527912
    ],
    "X_stdv": [
        1.1439530036005356,
        0.7580878799141164,
        1.6028668307651648,
        1.654886689539151
    ],
    "y_mean": [
        0.5080100297927856,
        -0.00032424001256003976,
        9.106599807739258
    ],
    "y_stdv": [
        0.5267000198364258,
        0.6815000176429749,
        1.340999960899353
    ],
    "EXIT_HEIGHT": 0.6349999904632568,
    "FIXED_HOOD_ANGLE": 1.2217304706573486,
    "MIN_SHOOT_DISTANCE": 1.1190152168273926
}